# model: inertial Langevin; covariance=2D delta; dimensionless
# D=0.22
# f=0.18
# omega=0.04
# gamma=1
# dt=0.02
# seed=42
# periods=16; burn_periods=4; realizations=6; error=delta_method_SE
# seed_ij=(seed+1009*i+7919*j) modulo 2^32
D,amplitude,standard_error,n
0,0.09119735398492328,0,6
0.025,0.0969702658337827,0.0013037639905810253,6
0.05,0.08438616382562975,0.012708578453486045,6
0.1,0.33464430825422653,0.05031916145889627,6
0.15,0.6448062551528689,0.07783390876972009,6
0.22,0.8795831092417364,0.09543103526794056,6
0.3,0.8019196625031921,0.021008602598162594,6
0.42,0.5963365597880165,0.049189727407793336,6
0.6,0.5121403632674644,0.02478624773684708,6
0.85,0.30908450564669404,0.03572912961853811,6
1.1,0.2739998802157564,0.028422881337913444,6
1.5,0.23148995598537114,0.031668251219781486,6